-- MySQL dump 10.13  Distrib 8.0.12, for Win64 (x86_64)
--
-- Host: 127.0.0.1    Database: pvmo_db
-- ------------------------------------------------------
-- Server version	8.0.12

/*!40101 SET @OLD_CHARACTER_SET_CLIENT=@@CHARACTER_SET_CLIENT */;
/*!40101 SET @OLD_CHARACTER_SET_RESULTS=@@CHARACTER_SET_RESULTS */;
/*!40101 SET @OLD_COLLATION_CONNECTION=@@COLLATION_CONNECTION */;
 SET NAMES utf8 ;
/*!40103 SET @OLD_TIME_ZONE=@@TIME_ZONE */;
/*!40103 SET TIME_ZONE='+00:00' */;
/*!40014 SET @OLD_UNIQUE_CHECKS=@@UNIQUE_CHECKS, UNIQUE_CHECKS=0 */;
/*!40014 SET @OLD_FOREIGN_KEY_CHECKS=@@FOREIGN_KEY_CHECKS, FOREIGN_KEY_CHECKS=0 */;
/*!40101 SET @OLD_SQL_MODE=@@SQL_MODE, SQL_MODE='NO_AUTO_VALUE_ON_ZERO' */;
/*!40111 SET @OLD_SQL_NOTES=@@SQL_NOTES, SQL_NOTES=0 */;

--
-- Table structure for table `facility`
--

DROP TABLE IF EXISTS `facility`;
/*!40101 SET @saved_cs_client     = @@character_set_client */;
 SET character_set_client = utf8mb4 ;
CREATE TABLE `facility` (
  `ID` char(32) NOT NULL,
  `NAME` varchar(255) DEFAULT NULL,
  `LATITUDE` double DEFAULT NULL,
  `LONGITUDE` double DEFAULT NULL,
  `ALTITUDE` double DEFAULT NULL,
  `MINIMUM_POWER_GENERATION` varchar(45) DEFAULT NULL,
  `MAXIMUM_POWER_GENERATION` varchar(45) DEFAULT NULL,
  `NORMAL_LEVEL` varchar(45) DEFAULT NULL,
  `ALERT_LEVEL` varchar(45) DEFAULT NULL,
  `CRITICAL_LEVEL` varchar(45) DEFAULT NULL,
  `REMARK` text,
  `STATUS` tinyint(4) DEFAULT NULL,
  `SORT_ORDER` int(4) DEFAULT NULL,
  `CREATED_BY` char(32) DEFAULT NULL,
  `CREATED_ON` datetime DEFAULT NULL,
  `LAST_UPDATE_BY` char(32) DEFAULT NULL,
  `LAST_UPDATE_ON` datetime DEFAULT NULL,
  PRIMARY KEY (`ID`)
) ENGINE=InnoDB;
/*!40101 SET character_set_client = @saved_cs_client */;

--
-- Dumping data for table `facility`
--

LOCK TABLES `facility` WRITE;
/*!40000 ALTER TABLE `facility` DISABLE KEYS */;
/*!40000 ALTER TABLE `facility` ENABLE KEYS */;
UNLOCK TABLES;

--
-- Table structure for table `facility_group`
--

DROP TABLE IF EXISTS `facility_group`;
/*!40101 SET @saved_cs_client     = @@character_set_client */;
 SET character_set_client = utf8mb4 ;
CREATE TABLE `facility_group` (
  `ID` char(32) NOT NULL,
  `FACILITY_GROUP_NAME` varchar(255) DEFAULT NULL,
  `REMARK` text,
  `STATUS` tinyint(4) DEFAULT NULL,
  `SORT_ORDER` int(4) DEFAULT NULL,
  `CREATED_BY` char(32) DEFAULT NULL,
  `CREATED_ON` datetime DEFAULT NULL,
  `LAST_UPDATE_BY` char(32) DEFAULT NULL,
  `LAST_UPDATE_ON` datetime DEFAULT NULL,
  PRIMARY KEY (`ID`)
) ENGINE=InnoDB;
/*!40101 SET character_set_client = @saved_cs_client */;

--
-- Dumping data for table `facility_group`
--

LOCK TABLES `facility_group` WRITE;
/*!40000 ALTER TABLE `facility_group` DISABLE KEYS */;
/*!40000 ALTER TABLE `facility_group` ENABLE KEYS */;
UNLOCK TABLES;

--
-- Table structure for table `facility_has_facility_group`
--

DROP TABLE IF EXISTS `facility_has_facility_group`;
/*!40101 SET @saved_cs_client     = @@character_set_client */;
 SET character_set_client = utf8mb4 ;
CREATE TABLE `facility_has_facility_group` (
  `ID` char(32) NOT NULL,
  `FACILITY_GROUP_ID` char(32) NOT NULL,
  `FACILITY_ID` char(32) NOT NULL,
  `REMARK` text,
  `STATUS` tinyint(4) DEFAULT NULL,
  `SORT_ORDER` int(4) DEFAULT NULL,
  `CREATED_BY` char(32) DEFAULT NULL,
  `CREATED_ON` datetime DEFAULT NULL,
  `LAST_UPDATE_BY` char(32) DEFAULT NULL,
  `LAST_UPDATE_ON` datetime DEFAULT NULL,
  PRIMARY KEY (`ID`),
  KEY `fk_facility_has_facility_group_facility_group1_idx` (`FACILITY_GROUP_ID`),
  KEY `fk_facility_has_facility_group_facility1_idx` (`FACILITY_ID`),
  CONSTRAINT `fk_facility_has_facility_group_facility1` FOREIGN KEY (`FACILITY_ID`) REFERENCES `facility` (`id`),
  CONSTRAINT `fk_facility_has_facility_group_facility_group1` FOREIGN KEY (`FACILITY_GROUP_ID`) REFERENCES `facility_group` (`id`)
) ENGINE=InnoDB;
/*!40101 SET character_set_client = @saved_cs_client */;

--
-- Dumping data for table `facility_has_facility_group`
--

LOCK TABLES `facility_has_facility_group` WRITE;
/*!40000 ALTER TABLE `facility_has_facility_group` DISABLE KEYS */;
/*!40000 ALTER TABLE `facility_has_facility_group` ENABLE KEYS */;
UNLOCK TABLES;

--
-- Table structure for table `flyway_schema_history`
--

DROP TABLE IF EXISTS `flyway_schema_history`;
/*!40101 SET @saved_cs_client     = @@character_set_client */;
 SET character_set_client = utf8mb4 ;
CREATE TABLE `flyway_schema_history` (
  `installed_rank` int(11) NOT NULL,
  `version` varchar(50) DEFAULT NULL,
  `description` varchar(200) NOT NULL,
  `type` varchar(20) NOT NULL,
  `script` varchar(1000) NOT NULL,
  `checksum` int(11) DEFAULT NULL,
  `installed_by` varchar(100) NOT NULL,
  `installed_on` timestamp NOT NULL DEFAULT CURRENT_TIMESTAMP,
  `execution_time` int(11) NOT NULL,
  `success` tinyint(1) NOT NULL,
  PRIMARY KEY (`installed_rank`),
  KEY `flyway_schema_history_s_idx` (`success`)
) ENGINE=InnoDB;
/*!40101 SET character_set_client = @saved_cs_client */;

--
-- Dumping data for table `flyway_schema_history`
--

LOCK TABLES `flyway_schema_history` WRITE;
/*!40000 ALTER TABLE `flyway_schema_history` DISABLE KEYS */;
INSERT INTO `flyway_schema_history` VALUES (1,'1.0','Initial version','SQL','V1.0__Initial_version.sql',-78721759,'root','2021-10-05 11:00:08',40,1),(2,'1.1','Alter sample','SQL','V1.1__Alter_sample.sql',1031024450,'root','2021-10-05 11:00:09',25,1),(3,'1.2','Create Table','SQL','V1.2__Create_Table.sql',1536181769,'root','2021-10-05 11:00:09',274,1),(4,'1.3','Add Tables','SQL','V1.3__Add_Tables.sql',1141566469,'root','2021-10-05 11:00:09',74,1),(5,'1.4','Update table schedule','SQL','V1.4__Update_table_schedule.sql',1450372917,'root','2021-10-05 11:00:09',89,1),(6,'1.5','Update tables','SQL','V1.5__Update_tables.sql',1707354428,'root','2021-10-05 11:00:09',122,1),(7,'1.6','Update User Table','SQL','V1.6__Update_User_Table.sql',506984262,'root','2021-10-05 11:00:09',51,1),(8,'1.7','Upadate User Table','SQL','V1.7__Upadate_User_Table.sql',-1189257578,'root','2021-10-05 11:00:09',61,1),(9,'1.8','Create Site & Service center tables','SQL','V1.8__Create_Site_&_Service_center_tables.sql',1911639489,'root','2021-10-05 11:00:09',45,1);
/*!40000 ALTER TABLE `flyway_schema_history` ENABLE KEYS */;
UNLOCK TABLES;

--
-- Table structure for table `inspection_instruction`
--

DROP TABLE IF EXISTS `inspection_instruction`;
/*!40101 SET @saved_cs_client     = @@character_set_client */;
 SET character_set_client = utf8mb4 ;
CREATE TABLE `inspection_instruction` (
  `ID` char(32) NOT NULL,
  `TITLE` varchar(255) DEFAULT NULL,
  `INSPECTION_INSTRUCTION` text,
  `STRING_MAP` longblob,
  `ABNORMALITY_CONTENT` text,
  `CAUSE_OF_ABNORMALITY` text,
  `NUMBER_OF_NOTIFICATION_REPORTED` varchar(45) DEFAULT NULL,
  `TELEPHONE_NUMBER` char(32) DEFAULT NULL,
  `REMARK` text,
  `STATUS` tinyint(4) DEFAULT NULL,
  `SORT_ORDER` int(4) DEFAULT NULL,
  `CREATED_BY` char(32) DEFAULT NULL,
  `CREATED_ON` datetime DEFAULT NULL,
  `LAST_UPDATE_BY` char(32) DEFAULT NULL,
  `LAST_UPDATE_ON` datetime DEFAULT NULL,
  PRIMARY KEY (`ID`)
) ENGINE=InnoDB;
/*!40101 SET character_set_client = @saved_cs_client */;

--
-- Dumping data for table `inspection_instruction`
--

LOCK TABLES `inspection_instruction` WRITE;
/*!40000 ALTER TABLE `inspection_instruction` DISABLE KEYS */;
/*!40000 ALTER TABLE `inspection_instruction` ENABLE KEYS */;
UNLOCK TABLES;

--
-- Table structure for table `inspector`
--

DROP TABLE IF EXISTS `inspector`;
/*!40101 SET @saved_cs_client     = @@character_set_client */;
 SET character_set_client = utf8mb4 ;
CREATE TABLE `inspector` (
  `ID` char(32) NOT NULL,
  `FIRST_NAME` varchar(255) DEFAULT NULL,
  `LAST_NAME` varchar(255) DEFAULT NULL,
  `EMERGENCY_CONTACT_NUMBER` char(32) DEFAULT NULL,
  `EMAIL` varchar(255) DEFAULT NULL,
  `REMARK` text,
  `STATUS` tinyint(4) DEFAULT NULL,
  `SORT_ORDER` int(4) DEFAULT NULL,
  `CREATED_BY` char(32) DEFAULT NULL,
  `CREATED_ON` datetime DEFAULT NULL,
  `LAST_UPDATE_BY` char(32) DEFAULT NULL,
  `LAST_UPDATE_ON` datetime DEFAULT NULL,
  PRIMARY KEY (`ID`)
) ENGINE=InnoDB;
/*!40101 SET character_set_client = @saved_cs_client */;

--
-- Dumping data for table `inspector`
--

LOCK TABLES `inspector` WRITE;
/*!40000 ALTER TABLE `inspector` DISABLE KEYS */;
/*!40000 ALTER TABLE `inspector` ENABLE KEYS */;
UNLOCK TABLES;

--
-- Table structure for table `log`
--

DROP TABLE IF EXISTS `log`;
/*!40101 SET @saved_cs_client     = @@character_set_client */;
 SET character_set_client = utf8mb4 ;
CREATE TABLE `log` (
  `ID` char(32) NOT NULL,
  `ACTION_NAME` char(128) DEFAULT NULL,
  `ACTION_STATE` char(128) DEFAULT NULL,
  `ACCESS_HOST` char(64) DEFAULT NULL,
  `REMARK` text,
  `STATUS` tinyint(4) DEFAULT NULL,
  `SORT_ORDER` int(4) DEFAULT NULL,
  `CREATED_BY` char(32) DEFAULT NULL,
  `CREATED_ON` datetime DEFAULT NULL,
  `LAST_UPDATE_BY` char(32) DEFAULT NULL,
  `LAST_UPDATE_ON` datetime DEFAULT NULL,
  PRIMARY KEY (`ID`)
) ENGINE=InnoDB;
/*!40101 SET character_set_client = @saved_cs_client */;

--
-- Dumping data for table `log`
--

LOCK TABLES `log` WRITE;
/*!40000 ALTER TABLE `log` DISABLE KEYS */;
/*!40000 ALTER TABLE `log` ENABLE KEYS */;
UNLOCK TABLES;

--
-- Table structure for table `monitering_center`
--

DROP TABLE IF EXISTS `monitering_center`;
/*!40101 SET @saved_cs_client     = @@character_set_client */;
 SET character_set_client = utf8mb4 ;
CREATE TABLE `monitering_center` (
  `ID` char(32) NOT NULL,
  `FIRST_NAME` varchar(255) DEFAULT NULL,
  `LAST_NAME` varchar(255) DEFAULT NULL,
  `EMERGENCY_CONTACT_NUMBER` char(32) DEFAULT NULL,
  `EMAIL` varchar(255) DEFAULT NULL,
  `LOCATION` text,
  `ADDRESS` text,
  `REMARK` text,
  `STATUS` tinyint(4) DEFAULT NULL,
  `SORT_ORDER` int(4) DEFAULT NULL,
  `CREATED_BY` char(32) DEFAULT NULL,
  `CREATED_ON` datetime DEFAULT NULL,
  `LAST_UPDATE_BY` char(32) DEFAULT NULL,
  `LAST_UPDATE_ON` datetime DEFAULT NULL,
  PRIMARY KEY (`ID`)
) ENGINE=InnoDB;
/*!40101 SET character_set_client = @saved_cs_client */;

--
-- Dumping data for table `monitering_center`
--

LOCK TABLES `monitering_center` WRITE;
/*!40000 ALTER TABLE `monitering_center` DISABLE KEYS */;
/*!40000 ALTER TABLE `monitering_center` ENABLE KEYS */;
UNLOCK TABLES;

--
-- Table structure for table `sample`
--

DROP TABLE IF EXISTS `sample`;
/*!40101 SET @saved_cs_client     = @@character_set_client */;
 SET character_set_client = utf8mb4 ;
CREATE TABLE `sample` (
  `id` char(32) NOT NULL,
  `title` varchar(255) DEFAULT NULL,
  `description` varchar(255) DEFAULT NULL,
  `inserted_by` varchar(32) DEFAULT NULL,
  PRIMARY KEY (`id`)
) ENGINE=InnoDB DEFAULT CHARSET=utf8;
/*!40101 SET character_set_client = @saved_cs_client */;

--
-- Dumping data for table `sample`
--

LOCK TABLES `sample` WRITE;
/*!40000 ALTER TABLE `sample` DISABLE KEYS */;
/*!40000 ALTER TABLE `sample` ENABLE KEYS */;
UNLOCK TABLES;

--
-- Table structure for table `schedule`
--

DROP TABLE IF EXISTS `schedule`;
/*!40101 SET @saved_cs_client     = @@character_set_client */;
 SET character_set_client = utf8mb4 ;
CREATE TABLE `schedule` (
  `ID` char(32) NOT NULL,
  `INSPECTOR_ID` char(32) NOT NULL,
  `TITLE` text,
  `CONTENT` text,
  `LOCATION` text,
  `SCHEDULE_DATE` datetime DEFAULT NULL,
  `START_TIME` varchar(45) DEFAULT NULL,
  `END_TIME` varchar(45) DEFAULT NULL,
  `REMARK` text,
  `STATUS` tinyint(4) DEFAULT NULL,
  `SORT_ORDER` int(4) DEFAULT NULL,
  `CREATED_BY` char(32) DEFAULT NULL,
  `CREATED_ON` datetime DEFAULT NULL,
  `LAST_UPDATE_BY` char(32) DEFAULT NULL,
  `LAST_UPDATE_ON` datetime DEFAULT NULL,
  PRIMARY KEY (`ID`),
  KEY `fk_schedule_inspector_idx` (`INSPECTOR_ID`),
  CONSTRAINT `fk_schedule_inspector` FOREIGN KEY (`INSPECTOR_ID`) REFERENCES `inspector` (`id`)
) ENGINE=InnoDB;
/*!40101 SET character_set_client = @saved_cs_client */;

--
-- Dumping data for table `schedule`
--

LOCK TABLES `schedule` WRITE;
/*!40000 ALTER TABLE `schedule` DISABLE KEYS */;
/*!40000 ALTER TABLE `schedule` ENABLE KEYS */;
UNLOCK TABLES;

--
-- Table structure for table `service_center`
--

DROP TABLE IF EXISTS `service_center`;
/*!40101 SET @saved_cs_client     = @@character_set_client */;
 SET character_set_client = utf8mb4 ;
CREATE TABLE `service_center` (
  `ID` char(32) NOT NULL,
  `SERVICE_CENTER_NAME` varchar(255) DEFAULT NULL,
  `CONTACT_NUMBER` char(32) DEFAULT NULL,
  `ADDRESS` text,
  `EMAIL` varchar(255) DEFAULT NULL,
  `REGION` varchar(255) DEFAULT NULL,
  `PREFECTURE` varchar(255) DEFAULT NULL,
  `REMARK` text,
  `STATUS` tinyint(4) DEFAULT NULL,
  `SORT_ORDER` int(4) DEFAULT NULL,
  `CREATED_BY` char(32) DEFAULT NULL,
  `CREATED_ON` datetime DEFAULT NULL,
  `LAST_UPDATE_BY` char(32) DEFAULT NULL,
  `LAST_UPDATE_ON` datetime DEFAULT NULL,
  PRIMARY KEY (`ID`)
) ENGINE=InnoDB;
/*!40101 SET character_set_client = @saved_cs_client */;

--
-- Dumping data for table `service_center`
--

LOCK TABLES `service_center` WRITE;
/*!40000 ALTER TABLE `service_center` DISABLE KEYS */;
/*!40000 ALTER TABLE `service_center` ENABLE KEYS */;
UNLOCK TABLES;

--
-- Table structure for table `service_center_manager`
--

DROP TABLE IF EXISTS `service_center_manager`;
/*!40101 SET @saved_cs_client     = @@character_set_client */;
 SET character_set_client = utf8mb4 ;
CREATE TABLE `service_center_manager` (
  `ID` char(32) NOT NULL,
  `FIRST_NAME` varchar(255) DEFAULT NULL,
  `LAST_NAME` varchar(255) DEFAULT NULL,
  `EMERGENCY_CONTACT_NUMBER` char(32) DEFAULT NULL,
  `EMAIL` varchar(255) DEFAULT NULL,
  `ADDRESS` text,
  `REMARK` text,
  `STATUS` tinyint(4) DEFAULT NULL,
  `SORT_ORDER` int(4) DEFAULT NULL,
  `CREATED_BY` char(32) DEFAULT NULL,
  `CREATED_ON` datetime DEFAULT NULL,
  `LAST_UPDATE_BY` char(32) DEFAULT NULL,
  `LAST_UPDATE_ON` datetime DEFAULT NULL,
  PRIMARY KEY (`ID`)
) ENGINE=InnoDB;
/*!40101 SET character_set_client = @saved_cs_client */;

--
-- Dumping data for table `service_center_manager`
--

LOCK TABLES `service_center_manager` WRITE;
/*!40000 ALTER TABLE `service_center_manager` DISABLE KEYS */;
/*!40000 ALTER TABLE `service_center_manager` ENABLE KEYS */;
UNLOCK TABLES;

--
-- Table structure for table `site`
--

DROP TABLE IF EXISTS `site`;
/*!40101 SET @saved_cs_client     = @@character_set_client */;
 SET character_set_client = utf8mb4 ;
CREATE TABLE `site` (
  `ID` char(32) NOT NULL,
  `URL` varchar(255) DEFAULT NULL,
  `USERNAME` char(128) DEFAULT NULL,
  `PASSWORD` char(128) DEFAULT NULL,
  `REGION` varchar(255) DEFAULT NULL,
  `PREFECTURE` varchar(255) DEFAULT NULL,
  `REMARK` text,
  `STATUS` tinyint(4) DEFAULT NULL,
  `SORT_ORDER` int(4) DEFAULT NULL,
  `CREATED_BY` char(32) DEFAULT NULL,
  `CREATED_ON` datetime DEFAULT NULL,
  `LAST_UPDATE_BY` char(32) DEFAULT NULL,
  PRIMARY KEY (`ID`)
) ENGINE=InnoDB;
/*!40101 SET character_set_client = @saved_cs_client */;

--
-- Dumping data for table `site`
--

LOCK TABLES `site` WRITE;
/*!40000 ALTER TABLE `site` DISABLE KEYS */;
/*!40000 ALTER TABLE `site` ENABLE KEYS */;
UNLOCK TABLES;

--
-- Table structure for table `tbl_company`
--

DROP TABLE IF EXISTS `tbl_company`;
/*!40101 SET @saved_cs_client     = @@character_set_client */;
 SET character_set_client = utf8mb4 ;
CREATE TABLE `tbl_company` (
  `ID` char(32) NOT NULL,
  `CODE` char(32) NOT NULL,
  `NAME` varchar(255) DEFAULT NULL,
  `KATAKANA_NAME` varchar(255) DEFAULT NULL,
  `CONTACT_NUMBER` char(32) DEFAULT NULL,
  `EMAIL` varchar(255) DEFAULT NULL,
  `ADDRESS` text,
  `REMARK` text,
  `STATUS` tinyint(4) DEFAULT NULL,
  `SORT_ORDER` int(4) DEFAULT NULL,
  `CREATED_BY` char(32) DEFAULT NULL,
  `CREATED_ON` datetime DEFAULT NULL,
  `LAST_UPDATE_BY` char(32) DEFAULT NULL,
  `LAST_UPDATE_ON` datetime DEFAULT NULL,
  PRIMARY KEY (`ID`),
  UNIQUE KEY `CODE_UNIQUE` (`CODE`)
) ENGINE=InnoDB;
/*!40101 SET character_set_client = @saved_cs_client */;

--
-- Dumping data for table `tbl_company`
--

LOCK TABLES `tbl_company` WRITE;
/*!40000 ALTER TABLE `tbl_company` DISABLE KEYS */;
INSERT INTO `tbl_company` VALUES ('1521885341171712','TEST001','TEST,Company 1',NULL,'000-000-000','s@g','Tokyo, Company 1,Hiroshi OHTAKA',NULL,1,NULL,NULL,'2021-10-10 18:27:18',NULL,'2021-10-10 18:27:18'),('1521885382393856','COM002','Company 002',NULL,'124-000-000','com002@pvmo.com','Company 002,Hiroshi OHTAKA',NULL,0,NULL,NULL,'2021-10-10 18:27:28',NULL,'2021-10-12 06:23:18'),('1521956253990912','COM001','Company 001',NULL,'123-000-000','com001@pvmo.com','Company 001,Hiroshi OHTAKA',NULL,0,NULL,NULL,'2021-10-10 23:15:51',NULL,'2021-10-12 06:22:31');
/*!40000 ALTER TABLE `tbl_company` ENABLE KEYS */;
UNLOCK TABLES;

--
-- Table structure for table `tbl_service_center`
--

DROP TABLE IF EXISTS `tbl_service_center`;
/*!40101 SET @saved_cs_client     = @@character_set_client */;
 SET character_set_client = utf8mb4 ;
CREATE TABLE `tbl_service_center` (
  `ID` char(32) NOT NULL,
  `CODE` char(32) NOT NULL,
  `SERVICE_CENTER_NAME` varchar(255) DEFAULT NULL,
  `CONTACT_NUMBER` char(32) DEFAULT NULL,
  `ADDRESS` text CHARACTER SET utf8,
  `EMAIL` varchar(255) DEFAULT NULL,
  `REGION` varchar(255) DEFAULT NULL,
  `PREFECTURE` varchar(255) DEFAULT NULL,
  `REMARK` text CHARACTER SET utf8,
  `STATUS` tinyint(4) DEFAULT NULL,
  `SORT_ORDER` int(4) DEFAULT NULL,
  `CREATED_BY` char(32) DEFAULT NULL,
  `CREATED_ON` datetime DEFAULT NULL,
  `LAST_UPDATE_BY` char(32) DEFAULT NULL,
  `LAST_UPDATE_ON` datetime DEFAULT NULL,
  `COMPANY_ID` char(32) DEFAULT NULL,
  PRIMARY KEY (`ID`),
  UNIQUE KEY `CODE_UNIQUE` (`CODE`,`COMPANY_ID`),
  KEY `FK9k030av5mqu0dpuvb7v1u1ymb` (`COMPANY_ID`),
  CONSTRAINT `FK9k030av5mqu0dpuvb7v1u1ymb` FOREIGN KEY (`COMPANY_ID`) REFERENCES `tbl_company` (`id`)
) ENGINE=InnoDB;
/*!40101 SET character_set_client = @saved_cs_client */;

--
-- Dumping data for table `tbl_service_center`
--

LOCK TABLES `tbl_service_center` WRITE;
/*!40000 ALTER TABLE `tbl_service_center` DISABLE KEYS */;
INSERT INTO `tbl_service_center` VALUES ('1521924743299072','SC002','SC001','123-123-125','111,Tokyo','sc007@g.com','Hokkaido','Tokyo',NULL,0,NULL,NULL,'2021-10-10 21:07:38',NULL,'2021-10-11 23:41:15','1521885382393856'),('1521924743299073','SC003','SC001','123-123-125','111,Tokyo','sc007@g.com','Hokkaido','Tokyo',NULL,0,NULL,NULL,'2021-10-10 21:07:38',NULL,'2021-10-11 23:41:15','1521885382393856'),('1521924743299074','SC005','SC001','123-123-125','111,Tokyo','sc007@g.com','Hokkaido','Tokyo',NULL,0,NULL,NULL,'2021-10-10 21:07:38',NULL,'2021-10-11 23:41:15','1521885382393856'),('1521924743299075','SC007','SC001','123-123-125','111,Tokyo','sc007@g.com','Hokkaido','Tokyo',NULL,0,NULL,NULL,'2021-10-10 21:07:38',NULL,'2021-10-11 23:41:15','1521885382393856'),('1521929373290496','SC001','SC001','123-123-125','111,Tokyo','sc001@g.com','Hokkaido','Tokyo',NULL,0,NULL,NULL,'2021-10-10 21:26:28',NULL,'2021-10-11 23:35:24','1521885382393856'),('1521929373290497','SC004','SC001','123-123-125','111,Tokyo','sc001@g.com','Hokkaido','Tokyo',NULL,0,NULL,NULL,'2021-10-10 21:26:28',NULL,'2021-10-11 23:35:24','1521885382393856'),('1521929373290498','SC006','SC001','123-123-125','111,Tokyo','sc001@g.com','Hokkaido','Tokyo',NULL,0,NULL,NULL,'2021-10-10 21:26:28',NULL,'2021-10-11 23:35:24','1521885382393856'),('1521929373290499','SC008','SC001','123-123-125','111,Tokyo','sc001@g.com','Hokkaido','Tokyo',NULL,0,NULL,NULL,'2021-10-10 21:26:28',NULL,'2021-10-11 23:35:24','1521885382393856'),('1521956641148928','SC001','qqqq','000-123-456','Tokyo','q@g','Hokkaido','Tokyo',NULL,0,NULL,NULL,'2021-10-10 23:17:25',NULL,'2021-10-11 23:17:58','1521956253990912'),('1522310477533184','SC002','qqqq','000-123-456','qqqq','q@g','Hokkaido','Tokyo',NULL,0,NULL,NULL,'2021-10-11 23:17:11',NULL,'2021-10-11 23:42:13','1521956253990912');
/*!40000 ALTER TABLE `tbl_service_center` ENABLE KEYS */;
UNLOCK TABLES;

--
-- Table structure for table `tbl_user`
--

DROP TABLE IF EXISTS `tbl_user`;
/*!40101 SET @saved_cs_client     = @@character_set_client */;
 SET character_set_client = utf8mb4 ;
CREATE TABLE `tbl_user` (
  `ID` char(32) NOT NULL,
  `USERNAME` char(128) NOT NULL,
  `PASSWORD` char(128) NOT NULL,
  `FIRST_NAME` varchar(255) DEFAULT NULL,
  `LAST_NAME` varchar(255) DEFAULT NULL,
  `KATAKANA_NAME` varchar(255) DEFAULT NULL,
  `EMERGENCY_CONTACT_NUMBER` char(32) DEFAULT NULL,
  `ADDRESS` text CHARACTER SET utf8,
  `EMAIL` varchar(255) DEFAULT NULL,
  `GENDER` char(32) DEFAULT NULL,
  `AGE` char(32) DEFAULT NULL,
  `DEPARTMENT_1` char(128) DEFAULT NULL,
  `DEPARTMENT_2` char(128) DEFAULT NULL,
  `WORK_BASE` text CHARACTER SET utf8,
  `DATE_OF_HIRING` datetime DEFAULT NULL,
  `DATE_OF_LEAVING` datetime DEFAULT NULL,
  `QUALIFICATION` text CHARACTER SET utf8,
  `OM_QUALIFICATION` text CHARACTER SET utf8,
  `USER_ID` char(32) DEFAULT NULL,
  `USER_TYPE` char(32) DEFAULT NULL,
  `PROFILE_PICTURE` blob,
  `REMARK` text CHARACTER SET utf8,
  `STATUS` tinyint(4) DEFAULT NULL,
  `SORT_ORDER` int(4) DEFAULT NULL,
  `CREATED_BY` char(32) DEFAULT NULL,
  `CREATED_ON` datetime DEFAULT NULL,
  `LAST_UPDATE_BY` char(32) DEFAULT NULL,
  `LAST_UPDATE_ON` datetime DEFAULT NULL,
  `COMPANY_ID` char(32) DEFAULT NULL,
  PRIMARY KEY (`ID`),
  UNIQUE KEY `USERNAME_UNIQUE` (`USERNAME`),
  KEY `fk_user_company_idx` (`COMPANY_ID`),
  CONSTRAINT `fk_user_company` FOREIGN KEY (`COMPANY_ID`) REFERENCES `tbl_company` (`id`)
) ENGINE=InnoDB;
/*!40101 SET character_set_client = @saved_cs_client */;

--
-- Dumping data for table `tbl_user`
--

LOCK TABLES `tbl_user` WRITE;
/*!40000 ALTER TABLE `tbl_user` DISABLE KEYS */;
INSERT INTO `tbl_user` VALUES ('1522376739188736','Admin','$2a$10$SohUYi1bEQ6mPlgiU9M6w..b4X5TlRXkq8F14vCGRDwcOOdYElTWS','Admin','A','','123-123-456',NULL,'admin@pvmo.com','male','35','HR','HR','HR','2021-10-12 00:00:00','2021-10-13 00:00:00','HR','HR','ADMIN','ADMIN',NULL,NULL,9,NULL,NULL,'2021-10-12 03:46:48',NULL,'2021-10-12 06:33:09','1521885382393856');
/*!40000 ALTER TABLE `tbl_user` ENABLE KEYS */;
UNLOCK TABLES;

--
-- Table structure for table `user`
--

DROP TABLE IF EXISTS `user`;
/*!40101 SET @saved_cs_client     = @@character_set_client */;
 SET character_set_client = utf8mb4 ;
CREATE TABLE `user` (
  `ID` char(32) NOT NULL,
  `USERNAME` char(128) NOT NULL,
  `PASSWORD` char(128) NOT NULL,
  `FIRST_NAME` varchar(255) DEFAULT NULL,
  `LAST_NAME` varchar(255) DEFAULT NULL,
  `KATAKANA_NAME` varchar(255) DEFAULT NULL,
  `EMERGENCY_CONTACT_NUMBER` char(32) DEFAULT NULL,
  `ADDRESS` text,
  `EMAIL` varchar(255) DEFAULT NULL,
  `GENDER` char(32) DEFAULT NULL,
  `AGE` char(32) DEFAULT NULL,
  `DEPARTMENT_1` char(128) DEFAULT NULL,
  `DEPARTMENT_2` char(128) DEFAULT NULL,
  `WORK_BASE` text,
  `DATE_OF_HIRING` datetime DEFAULT NULL,
  `DATE_OF_LEAVING` datetime DEFAULT NULL,
  `QUALIFICATION` text,
  `OM_QUALIFICATION` text,
  `USER_ID` char(32) DEFAULT NULL,
  `USER_TYPE` char(32) DEFAULT NULL,
  `REMARK` text,
  `STATUS` tinyint(4) DEFAULT NULL,
  `SORT_ORDER` int(4) DEFAULT NULL,
  `CREATED_BY` char(32) DEFAULT NULL,
  `CREATED_ON` datetime DEFAULT NULL,
  `LAST_UPDATE_BY` char(32) DEFAULT NULL,
  `LAST_UPDATE_ON` datetime DEFAULT NULL,
  PRIMARY KEY (`ID`),
  UNIQUE KEY `USERNAME_UNIQUE` (`USERNAME`)
) ENGINE=InnoDB;
/*!40101 SET character_set_client = @saved_cs_client */;

--
-- Dumping data for table `user`
--

LOCK TABLES `user` WRITE;
/*!40000 ALTER TABLE `user` DISABLE KEYS */;
/*!40000 ALTER TABLE `user` ENABLE KEYS */;
UNLOCK TABLES;
/*!40103 SET TIME_ZONE=@OLD_TIME_ZONE */;

/*!40101 SET SQL_MODE=@OLD_SQL_MODE */;
/*!40014 SET FOREIGN_KEY_CHECKS=@OLD_FOREIGN_KEY_CHECKS */;
/*!40014 SET UNIQUE_CHECKS=@OLD_UNIQUE_CHECKS */;
/*!40101 SET CHARACTER_SET_CLIENT=@OLD_CHARACTER_SET_CLIENT */;
/*!40101 SET CHARACTER_SET_RESULTS=@OLD_CHARACTER_SET_RESULTS */;
/*!40101 SET COLLATION_CONNECTION=@OLD_COLLATION_CONNECTION */;
/*!40111 SET SQL_NOTES=@OLD_SQL_NOTES */;

-- Dump completed on 2021-10-12  3:46:09
